{
    "total_reward": 12299.98381114006,
    "final_balance": 8040.533148309378,
    "mfe": 39.72,
    "mae": 30.099999999999994,
    "sharpe_ratio": 1.1393835799434882,
    "sortino_ratio": 1.6611312260971343,
    "max_drawdown": 0.16712937257079405,
    "step_rewards": [
        10019.1474609375,
        9987.080196380615,
        9950.317653656006,
        9973.687894821167,
        10007.813943862915,
        10051.107675552368,
        9985.600313186646,
        10119.173921585083,
        10150.904048919678,
        10107.658954620361,
        9952.84663772583,
        9880.686183929443,
        9410.875576019287,
        9250.177837371826,
        9255.882967472076,
        9234.691685199738,
        9231.795981884003,
        9229.426770210266,
        9251.407790184021,
        9224.951592445374,
        9205.448521614075,
        9067.228581428528,
        9092.538182258606,
        9162.268719673157,
        9234.065342903137,
        9434.992588996887,
        9190.160939216614,
        9305.345448493958,
        9386.955998420715,
        9589.949330329895,
        9772.28175830841,
        9783.645253181458,
        9865.77232837677,
        9878.16886806488,
        9527.45011806488,
        9251.110579490662,
        9283.134974479675,
        9344.084628105164,
        9186.028750419617,
        9078.075549125671,
        9157.103487968445,
        9119.397345542908,
        9272.288001060486,
        9329.10547542572,
        9319.856107711792,
        9257.374063491821,
        9288.33624458313,
        9348.408655166626,
        9149.72710609436,
        9075.94487953186,
        9088.493819236755,
        9113.632737159729,
        9236.426682472229,
        9171.162178993225,
        9232.202286720276,
        9297.083214759827,
        9287.907356262207,
        9287.907356262207,
        9287.907356262207,
        9351.951072692871,
        9399.271072387695,
        9302.551071166992,
        9295.79107093811,
        9214.151071548462,
        9146.03106880188,
        9126.271068572998,
        8992.111064910889,
        8998.351064682007,
        9021.231063842773,
        8899.551063537598,
        8680.631065368652,
        8749.791069030762,
        8857.43106842041,
        8882.391067504883,
        9048.791061401367,
        9235.99105834961,
        9188.151058197021,
        9322.31106185913,
        9456.991054534912,
        9485.686796188354,
        9471.0583486557,
        9592.657324790955,
        9543.895831108093,
        9635.86114025116,
        9655.90431880951,
        9715.682223320007,
        9714.978953838348,
        9776.866664409637,
        9746.360402584076,
        9771.2739443779,
        9721.446860790253,
        9714.753670215607,
        9737.436148166656,
        9699.136225223541,
        9724.508608341217,
        9785.04338312149,
        9697.323221683502,
        9894.115839481354,
        9838.993448734283,
        9936.494699954987,
        10008.495623111725,
        9879.765276432037,
        9957.517290592194,
        10122.676805973053,
        10130.299552440643,
        10102.85766363144,
        10017.48290014267,
        10070.842126369476,
        9963.615487575531,
        9955.99274110794,
        9901.108963489532,
        9873.158892154694,
        9878.240723133087,
        9900.092596530914,
        9846.733370304108,
        9700.205248355865,
        9671.825239658356,
        9574.704206943512,
        9542.351118564606,
        9732.665602207184,
        9713.362724781036,
        9758.991711139679,
        9732.762018680573,
        9747.188349246979,
        9647.078356266022,
        9605.548010349274,
        9881.67273569107,
        10026.737616062164,
        10142.580137729645,
        10159.2308011055,
        10153.839199066162,
        10152.523099899292,
        10120.818542480469,
        10109.29153060913,
        10106.08852481842,
        10106.08852481842,
        10106.08852481842,
        10106.08852481842,
        10194.872628211975,
        10184.737908363342,
        10183.848221361637,
        10171.619231760502,
        10177.5654373765,
        10167.220098555088,
        10159.2300735116,
        10156.0034237504,
        10145.93731123209,
        10110.848634779453,
        10069.019849836826,
        10109.952791273594,
        10223.302423536777,
        10121.01129347086,
        10045.813486158848,
        10118.77331739664,
        10109.59551435709,
        10103.004221022129,
        10033.56995588541,
        9779.388574659824,
        9501.795770704746,
        9446.054239332676,
        9439.365255892277,
        9457.81265693903,
        9561.426846086979,
        9587.6708188653,
        9472.8534360528,
        9575.095577776432,
        9554.319099962711,
        9555.390208303928,
        9590.87412172556,
        9631.211058676243,
        9517.520072042942,
        9531.692509710789,
        9509.421536505222,
        9491.667054235935,
        9547.733841955662,
        9505.913495123386,
        9473.690190374851,
        9402.36386591196,
        9447.094471991062,
        9401.259408056736,
        9443.22886377573,
        9380.826909124851,
        9448.198933660984,
        9343.827519476414,
        9744.746281683445,
        9828.132962286472,
        9614.972302496433,
        9432.18427759409,
        9355.976582586765,
        9302.962533056736,
        9207.307778418064,
        9246.070733129978,
        9294.985886633396,
        9400.39948374033,
        9409.453929960728,
        9399.51079851389,
        9470.292407095432,
        9416.869143545628,
        9399.51079660654,
        9515.262421667576,
        9843.427949011326,
        9790.477570593357,
        9819.418253958225,
        9836.183865606785,
        9934.27624231577,
        9852.800610601902,
        10025.936322271824,
        10087.5790720582,
        10210.328545629978,
        10216.760832369328,
        10218.368904054165,
        10281.083702027798,
        10351.302833497524,
        10273.579368531704,
        10058.097755372524,
        10224.265159547329,
        10224.801183462143,
        10240.881900548935,
        10294.484290838242,
        10345.942584753036,
        10441.354839086533,
        10458.50760436058,
        10539.983236074448,
        10465.475911855698,
        10594.65767455101,
        10392.576665639877,
        11144.618169546127,
        11219.185865163803,
        11235.545114278793,
        11211.076152563095,
        11415.070461034775,
        11294.482166051865,
        11057.406345129013,
        10942.809253454208,
        10976.769000768661,
        11025.35756278038,
        11243.744861364365,
        11288.153762578964,
        11106.338500738144,
        11426.605041265488,
        11610.510131597519,
        11677.38471198082,
        11927.641929388046,
        12004.965659856796,
        12049.897018194199,
        12274.553802251816,
        12168.474509954453,
        12222.347976446152,
        12292.365340948105,
        12299.98381114006
    ],