{
    "total_reward": 10804.463979005814,
    "final_balance": 2.744046599147623,
    "mfe": 39.72,
    "mae": 30.099999999999994,
    "sharpe_ratio": 0.44192185989805083,
    "sortino_ratio": 0.633479674037164,
    "max_drawdown": 0.16712937257079405,
    "step_rewards": [
        10000.0,
        9977.072006225586,
        9907.76180267334,
        9949.549549102783,
        9994.432682037354,
        10039.831714630127,
        9973.796756744385,
        10108.446155548096,
        10140.43183708191,
        10096.83844947815,
        9940.779275894165,
        9868.037645339966,
        9394.443193435669,
        9232.451189041138,
        9281.461507797241,
        9198.401914596558,
        9187.052156448364,
        9177.765991210938,
        9263.920974731445,
        9160.225456237793,
        9114.82642364502,
        8982.240623474121,
        9007.519630432129,
        9077.165870666504,
        9148.875701904297,
        9349.56005859375,
        9105.024368286133,
        9220.069641113281,
        9301.581535339355,
        9504.329475402832,
        9686.441505432129,
        9697.791263580322,
        9779.8190574646,
        9792.200611114502,
        9441.905811309814,
        9165.90034866333,
        9197.886030197144,
        9258.762002944946,
        9100.89719581604,
        8993.074495315552,
        9072.006898880005,
        9034.346338272095,
        9187.052164077759,
        9243.800954818726,
        9059.109441757202,
        8978.62933921814,
        9022.996572494507,
        9089.547422409058,
        8876.9974193573,
        8798.065015792847,
        8811.478365898132,
        8838.305066108704,
        8969.343182563782,
        8899.696942329407,
        8964.700100898743,
        9029.187359809875,
        9162.289059638977,
        9239.673771858215,
        9208.71988773346,
        9281.461518287659,
        9328.408242225647,
        9232.451195716858,
        9225.744520664215,
        9144.74851846695,
        9077.165869235992,
        9057.561741352081,
        8924.46004152298,
        8930.65081834793,
        8953.350334644318,
        8832.630180835724,
        8615.437080860138,
        8684.051529407501,
        8790.842430591583,
        8815.605537891388,
        8980.692924976349,
        9166.416237354279,
        9131.057659626007,
        9159.747272968292,
        9189.665382862091,
        9235.853584766388,
        9212.034206867218,
        9410.032787799835,
        9330.634861469269,
        9461.641438007355,
        9489.9269490242,
        9574.287247180939,
        9573.294773101807,
        9660.632488250732,
        9620.43729019165,
        9653.685173034668,
        9587.189407348633,
        9578.257141113281,
        9608.527599334717,
        9557.415184020996,
        9586.19693183899,
        9650.211511611938,
        9560.392610549927,
        9758.391191482544,
        9703.805116653442,
        9800.571336746216,
        9872.029466629028,
        9746.48150062561,
        9822.405763626099,
        9983.682802200317,
        9991.12635755539,
        9964.329556941986,
        9880.96173620224,
        9933.066625118256,
        9828.360608577728,
        9820.917053222656,
        9767.32345199585,
        9740.030414581299,
        9744.99278497696,
        9766.330976963043,
        9714.226088047028,
        9372.318769931793,
        9303.341825962067,
        9187.222357273102,
        9159.169113636017,
        9188.713089466095,
        9185.413499355316,
        9193.6624751091,
        9188.948774814606,
        9197.462119579315,
        9085.581496715546,
        9039.16813993454,
        9329.86232328415,
        9473.01089811325,
        9586.845767498016,
        9649.870223522186,
        9616.648028850555,
        9604.47795534134,
        9552.608677387238,
        9526.30847978592,
        9393.280067920685,
        9262.054207324982,
        9350.739822864532,
        9307.66692018509,
        9388.93074464798,
        9468.54166841507,
        9474.011066913605,
        9419.814301013947,
        9429.310531139374,
        9384.67620420456,
        9289.16985654831,
        9251.287692546844,
        9236.401497364044,
        9162.297111988068,
        9126.235142230988,
        9163.166473865509,
        9265.014900684357,
        9172.938370227814,
        9105.249680042267,
        9178.41319322586,
        9118.190166950226,
        9084.843533039093,
        9030.593037128448,
        8803.636829853058,
        8555.77676820755,
        8506.005672931671,
        8500.03314113617,
        8586.137137413025,
        8686.674750328064,
        8710.56487751007,
        8606.045575141907,
        8699.117527961731,
        8680.204510688782,
        8734.952717781067,
        8852.412503242493,
        8981.319638252258,
        8617.990628242493,
        8663.282326698303,
        8592.109658241272,
        8535.370606422424,
        8714.546555519104,
        8623.465447425842,
        8551.29735660553,
        8492.069752693176,
        8532.38433933258,
        8491.074330329895,
        8528.900364875793,
        8472.659024238586,
        8533.379761695862,
        8439.312386512756,
        8800.65055179596,
        8825.827977180481,
        8745.491253852844,
        8676.702916145325,
        8673.18286538124,
        8673.18286538124,
        8673.18286538124,
        8673.18286538124,
        8673.18286538124,
        8772.790966272354,
        8817.160965204239,
        8787.070965051651,
        9001.270961999893,
        8839.600963830948,
        8787.070965051651,
        8977.30096077919,
        9505.150936365128,
        9419.980938196182,
        9455.170936822891,
        9472.51093697548,
        9565.840938806534,
        9488.320942163467,
        9653.050937891006,
        9711.700939416885,
        9828.490940332413,
        9834.610940217972,
        9836.140940189362,
        9895.810938358307,
        9962.6209359169,
        9888.670938968658,
        9683.650934696198,
        9841.750940799713,
        9842.260940790176,
        9857.560940980911,
        9908.560940980911,
        9957.520940065384,
        10048.30093884468,
        10064.620938539505,
        10142.140935182571,
        10071.250935792923,
        10194.160939455032,
        10001.890935182571,
        9992.041815042496,
        9992.041815042496,
        9992.041815042496,
        9992.041815042496,
        9992.041815042496,
        9899.581823587418,
        9707.907232522964,
        9607.867384195328,
        9637.311517953873,
        9679.757177591324,
        9870.946432352066,
        9861.192578554153,
        9691.263974428177,
        9973.243985414505,
        10135.16398358345,
        10194.043984651566,
        10414.383980989456,
        10482.46398282051,
        10522.023984193802,
        10719.82398724556,
        10470.963986635208,
        10607.583981752396,
        10785.14397931099,
        10804.463979005814
    ],